urlid,label
5865,0.93008506
782,0.25583112
6962,0.3787399
7640,3.3147564e-06
3589,0.1317052
6719,0.016966403
3905,0.0073696375
9841,0.98952913
7447,0.034009367
4776,0.29032922
2879,0.42041624
2620,0.3810205
10479,0.06944114
1105,0.27552956
1849,0.084493786
8286,0.44997913
8344,0.87578726
10486,0.99804485
8661,0.9938216
7188,0.22508231
1433,0.9967973
677,0.71746486
469,0.66054654
6988,1.1940215e-06
8024,0.07343349
6896,0.42378026
9154,0.011320621
342,0.447444
50,0.0038228333
983,2.02792e-05
6933,0.060816735
8271,0.00015631318
5602,0.33844155
4505,0.20089477
4966,0.99826974
2390,0.003812015
6736,0.0004592836
4660,0.9875847
7560,0.9560095
3840,0.1468927
5823,0.90025234
5789,0.99421144
1595,0.30845606
6770,0.43595165
3522,0.95445895
5584,0.7521765
8323,0.7102133
3862,0.037822574
373,0.2497414
7345,5.945341e-06
7708,0.90520585
1398,0.844279
4298,0.0036143064
7467,0.1052264
1878,0.7456934
1832,0.040778935
625,0.23129946
7438,0.01965499
9961,0.8279376
7117,0.0730741
8190,0.018221587
1713,0.5095055
949,0.06383526
9246,0.03929305
2326,2.181639e-05
8942,0.00775373
4458,0.32230702
4659,0.46786493
9522,1.3624578e-05
2497,0.5154546
9836,0.38180715
3808,0.9733405
5575,0.97878593
5714,0.3895866
2490,0.472095
6812,0.00043836236
4335,0.30521244
10014,0.99497664
5889,0.8383124
482,0.80364126
8082,3.5908904e-06
5856,0.9859065
8866,0.423112
2624,0.98502076
1371,0.8820666
4436,0.013088256
2972,0.58459866
3638,0.7322849
6249,0.38058627
7602,0.081156135
9624,0.98639977
7567,0.0030924976
6578,0.016996026
7590,0.5275667
8590,0.63043964
10520,0.68862104
1906,0.35717908
1373,0.0002680719
1601,0.9880667
4754,0.26137865
8208,0.01754567
1658,0.99777305
1352,0.9466436
8143,0.95682794
7760,0.5483779
7836,0.5671881
9769,0.42223826
503,0.48071888
4909,0.0042646527
7162,0.18026379
10035,0.106357455
1992,0.45325938
6133,0.24598053
8519,0.00043603778
1879,0.39247683
7107,0.004815072
1225,0.1608347
2451,0.25894642
8252,0.08161664
9214,0.2913229
4850,0.9827169
5891,0.0006931126
5274,0.013602942
8623,0.000934273
562,0.8298176
860,0.08544302
4199,0.96532774
7616,0.20574614
10544,0.006810546
1567,0.96615076
6552,0.0006995201
954,0.00019136071
111,0.00032126904
7036,0.53576946
1995,0.9844265
7095,0.3804149
10180,0.18998423
6872,0.98768
4805,0.9903982
355,0.055574417
8097,0.9980271
9271,0.9772368
431,0.10495332
1646,0.4674563
143,0.97939825
3436,8.051175e-06
150,0.64768344
9745,0.35859492
715,0.101433635
578,0.22093946
8684,0.9456628
1186,0.5363802
9115,0.01634869
9239,0.0010158122
5461,0.9970854
5424,1.0
1349,0.92523074
609,0.8614089
7569,0.07016003
1622,0.044119745
6541,0.0034740567
9873,0.84741044
305,0.09923869
6041,0.35188204
5360,0.47922847
8445,0.6861069
7260,0.0010487139
4526,0.9737907
138,0.4987385
168,0.11245239
7888,0.5366085
4639,0.6343252
867,0.12677473
9673,0.9999989
710,0.00020441413
4749,0.28448862
4716,0.019509435
410,0.87289584
2155,0.92705727
3289,0.0018277466
7774,0.37301767
1200,0.3108368
9057,0.34558365
2261,0.38098708
9612,0.33553943
4987,0.08329514
3605,0.6312826
5068,0.96097803
4474,0.983023
5831,0.37009394
4729,5.0458932e-14
10060,5.420433e-08
6895,0.2980941
3791,0.974072
7910,0.39535984
4209,1.8693929e-12
4984,0.9491484
1773,0.20782277
2101,0.0047652125
7251,2.9057103e-06
2887,0.0015434027
875,0.000639379
8185,0.018683463
9688,0.99738026
5342,3.862913e-07
6802,0.41939762
3077,0.34605747
712,0.30903858
3026,0.37857533
2640,0.09300929
4872,0.43805647
3334,0.99156415
2431,2.394492e-07
9218,0.23425373
7417,0.5716621
3563,0.98919606
1006,0.9017366
8940,0.00064724684
7703,0.07070637
2686,0.046577185
8159,0.9994063
37,0.27180612
65,0.09888208
1910,0.38619286
2202,0.94171476
9717,0.92542094
2388,0.5687317
2365,3.4130724e-05
5072,0.053704053
4614,0.0015448034
6955,0.44552073
4094,0.35709202
3319,0.979808
1456,0.9955583
5381,0.67451847
4479,0.5118473
4766,0.2540754
6076,0.64414865
8064,0.003862977
3416,0.9998009
4892,0.006489843
9942,0.97849023
9215,0.5841618
4506,0.83231354
9275,0.13157377
1306,0.99886954
6828,0.99517286
8368,0.24583405
7205,0.2837094
360,0.71153665
3386,0.09358391
3835,0.41252196
1305,0.2587083
7963,0.0014291108
2073,0.00164783
4230,0.39353955
9012,0.016112953
2723,0.9931418
6788,0.8546166
7945,0.013042271
4868,0.97484994
6597,0.15055141
7323,0.22781366
6229,1.780418e-09
3427,0.34198746
7727,0.0020564198
4707,0.99945104
2547,0.6043738
4523,0.99360895
9648,0.06802416
1084,4.909916e-08
3327,0.95025396
5591,0.19363445
186,0.119835585
2938,0.04651043
9912,0.77087986
6047,0.3269053
2417,0.4487563
10533,0.0041921735
1137,0.33644938
1533,0.998448
9233,0.15270448
43,0.006489724
8986,0.32508647
6000,0.9997971
480,0.19466266
2457,0.022614032
5362,0.048899114
7722,0.09649974
7940,0.37600803
6104,0.98905724
8853,0.00062963367
5813,0.5674317
4769,0.12426427
2544,0.43905658
6379,0.005097538
5262,0.013463467
9885,0.2955889
10081,0.125355
1315,0.34727618
3388,0.0021010935
3473,0.8408776
2117,0.38825816
9411,0.25908196
9379,0.99250066
4236,0.01967308
2049,1.1847075e-20
4786,0.17394319
1604,0.34821153
7659,0.0009148121
8152,2.6243793e-10
5417,0.0006477833
160,1.1570954e-06
6826,0.97897565
1815,0.00062114
3647,0.52538955
5605,4.9625018e-05
3526,0.95754695
3854,0.9880605
1053,5.9162066e-06
2411,0.3495803
6015,0.34143025
2089,0.9938556
7745,0.6701293
6816,0.3015306
3934,0.103940636
6547,0.1294159
3758,0.96579975
7158,0.03291747
1584,1.0585472e-09
2982,0.81834567
7679,0.9650514
5286,0.9972246
3776,0.5567763
1235,0.39616603
6294,0.667229
1012,0.38675004
10318,1.4487846e-07
7134,0.11235088
5180,0.7145199
2108,0.2124516
3639,0.32397947
6729,0.0065975487
2472,0.31381744
10235,0.49646005
190,0.9478085
4713,0.0842984
6827,0.015908718
6108,0.7697035
1114,0.9986167
4848,0.33340934
606,0.00032275915
1573,0.81150055
8546,0.041230768
5193,0.16293201
2936,0.004250437
5104,0.4852019
6712,0.27982372
3055,0.0061698854
74,0.9958873
7726,0.59024376
9183,0.61367816
162,3.1343163e-06
7288,0.17024669
8657,0.97533894
1295,2.4617323e-08
8207,0.5074533
4433,0.9037036
590,0.94659114
10549,9.68965e-09
7749,0.012415528
405,0.99010956
10267,0.9495351
7133,0.3785907
7584,0.005463004
6616,0.84602976
1719,0.33147213
9761,0.49252936
5859,0.21859047
5662,7.1453345e-05
1736,0.09567216
9333,0.20885935
1102,0.00065755844
2790,0.03892371
6598,0.88147056
7995,0.9760932
4452,0.9911752
159,0.35647494
511,0.59687805
7006,0.9968312
1123,0.5846522
6073,0.33352435
7094,0.011340022
10008,0.24800247
7573,0.12441704
679,0.02141434
6809,0.3835827
1108,1.5931728e-10
380,0.04843384
204,0.00085291266
7075,4.312631e-05
2550,0.0014038682
9785,0.0018761456
5036,0.4064207
3129,0.06578651
6495,0.6859274
880,0.0126211345
2360,0.0059785545
7839,0.10090807
350,0.044193834
9151,0.9538437
6650,0.10900125
7208,0.12809822
5840,0.06494644
5997,0.0048308372
2103,0.90943706
713,3.4161527e-05
7771,1.0638148e-07
10255,0.12949812
3944,1.0
4250,0.26322502
2833,0.008108497
3052,0.18276691
7855,0.99760354
4152,0.30032527
4445,0.9207983
10036,0.6029816
9727,0.0010402203
2234,0.13993505
9632,0.922212
626,0.25437927
1644,0.17724934
4859,0.9938733
3987,0.017507404
5884,0.9998819
4112,0.8475967
10392,2.1105015e-07
2962,0.005992204
21,0.33260915
8524,1.0
2543,0.26066518
663,0.38272983
2748,0.10660741
3451,0.32618922
964,0.9926871
10560,0.49706882
2428,0.33919317
4520,0.053551555
7660,0.76429975
6583,0.40442866
10390,0.2735562
688,0.00080928206
7957,0.98449445
3356,0.67977273
1766,0.008795172
9128,0.22334594
2340,0.3421601
9421,0.17626235
7712,0.011693865
8200,0.0074104965
8762,0.1273666
6446,0.39620036
5194,0.059712827
960,0.44874674
779,0.9988655
3584,0.00081047416
3011,0.208159
2769,0.08904356
1392,0.36262608
7254,0.96157014
9084,0.015722692
9622,0.06251392
3665,0.35740018
1609,0.00090783834
6130,0.19826183
10155,0.00035229325
7826,0.9977861
8300,0.3315308
5038,0.42445436
7582,0.6789348
9561,3.036287e-12
7430,0.5924659
5045,0.6032096
10421,0.25285494
5675,0.0030286312
4687,0.0025122166
4944,0.7971349
5105,0.9603579
148,0.3391233
6371,0.33819264
8108,0.13997239
4354,0.31485844
6077,0.6904307
4292,0.43014157
10068,0.36222693
5821,0.0793024
1042,0.7034825
7715,0.0098086
9703,0.36308485
2761,0.0051926374
7002,1.2326677e-06
7313,0.2082862
9050,0.31410486
5518,1.0059451e-05
10556,0.7244174
1078,0.018869966
9699,0.41474676
10445,0.9191092
8748,0.58928394
2960,0.06422508
4317,0.094765544
939,0.29124546
8423,0.025152147
5196,0.0032057762
8151,0.051834732
7199,0.93938124
1574,0.26607513
8566,0.33655947
7389,0.05748847
1177,0.33476442
10282,0.5382625
10098,0.41769257
4512,0.32397056
4055,0.9874657
8431,0.7141411
4532,0.008474052
10450,0.31331486
5754,0.8833177
1882,0.68722075
1563,0.93258405
4871,0.96280336
8440,0.00059068203
3253,0.40720963
8270,0.0011597276
4610,0.0013309717
9619,0.006423354
8786,0.053172857
2889,0.9386655
9781,0.13877839
5061,0.24930078
7059,0.9920757
2064,0.9974248
1587,0.10599673
1934,0.96805966
5516,0.022307485
9853,0.22114667
7867,0.34101748
1556,0.18204233
5495,0.3671986
4274,0.027538449
8177,0.35000843
9491,0.99918747
9813,0.32316008
2205,0.2601716
2710,0.3769265
2992,8.3584955e-06
7998,0.10927245
6428,0.077949226
6638,0.046384543
3035,0.41589823
1578,0.04379064
1324,0.57361555
2316,0.96281075
9326,0.37175816
7359,0.9975836
7741,0.4146116
5143,0.1194832
8196,0.017821819
630,0.12589264
8481,0.9208565
8497,0.10986346
5409,0.6872189
5749,0.40012163
8219,0.35667056
9571,0.7484126
4886,0.9904111
5367,0.22901383
1185,0.00081428885
8291,0.4060775
1590,0.35352737
7698,0.1516082
51,0.2368373
8784,0.36694688
3928,0.2903307
5987,2.5937217e-09
7008,0.9869585
7482,0.3894648
9374,0.00041380525
1296,0.45527133
10289,0.97824395
2986,0.25205547
4651,0.36514807
8594,0.3989103
7469,0.43172652
2871,1.3327953e-07
1903,0.99752015
8571,0.988675
4832,0.99839824
1242,0.0011013746
7115,0.38031483
3599,0.34978378
2065,0.39785627
4529,0.20204726
763,0.3839359
6698,0.8631927
2002,0.9986451
2020,0.7095236
5229,0.12267837
8243,0.39277473
6936,0.66125077
9360,1.0
4360,0.099687606
7951,0.4024249
6701,0.37302333
7574,0.92050946
2426,0.121053725
1681,0.98109734
7135,0.37122372
3688,0.010132074
3872,0.3818245
558,3.1129799e-18
2228,1.9967342e-06
8170,0.23555163
7171,0.4663421
7756,0.05335906
3609,0.21246728
3985,0.36262822
1139,0.0060510933
3453,0.042888314
7583,0.157327
9788,0.6922494
10175,0.37797654
6059,7.591067e-05
104,0.20274588
10168,0.0036382675
8902,0.9997729
5343,0.9962756
4239,6.6908597e-06
6767,0.42405224
6269,0.017423272
6682,0.03174609
9558,3.639848e-07
2416,0.24521303
6592,0.0015949607
6196,0.4060061
2751,0.9999914
3412,0.6599712
8302,0.76493424
1120,0.19613236
8005,4.205076e-08
6637,0.2472085
6440,0.33700362
6679,0.9791205
8039,0.9254436
5357,0.98775756
8844,0.83981687
2964,0.009914041
6040,0.17087406
7259,0.9987316
8974,0.13656357
7439,0.09024137
1045,0.018407136
7706,2.4590308e-05
9724,0.048794985
3698,0.36634445
7339,0.98185253
1749,0.0027535856
7257,1.202584e-12
2963,0.9996377
7775,0.28371727
10501,0.027244538
4258,0.99968433
7908,0.9932929
722,0.3830083
6519,0.43413275
6916,0.0063512027
4456,0.9999896
2731,0.0016550422
917,0.6869962
4107,0.0002850592
7894,0.40003666
2540,2.2060326e-06
8455,0.902988
10406,0.9812465
8909,0.0007686317
5489,0.10450649
306,1.0
3894,0.3272149
2735,0.055747718
4939,0.011596829
1551,0.36815238
777,0.5691696
2160,0.99648696
8599,0.9817395
2727,2.4615326e-10
6362,0.20258355
1417,0.9914485
10343,2.1062544e-15
4866,0.98883843
2682,0.0574477
9856,0.23523891
4498,0.30211306
7450,0.0032648444
6899,0.30978596
5649,0.9843447
6086,0.04503429
1618,0.31560037
9926,0.038636208
2847,0.26556036
8099,0.41325033
5724,0.102021635
3358,0.11451009
8136,0.23702362
955,0.32419026
8819,0.2899788
5832,0.99874336
10413,0.9999513
6548,7.7279255e-10
8407,0.36133152
10090,0.16481927
8564,0.3779451
808,0.9829924
5303,0.0008048117
8913,0.76454425
9425,0.92747134
9543,0.98334545
1219,1.0
9575,0.70058906
4019,5.856542e-07
6223,0.9602107
9588,0.007188171
4739,0.058544874
10492,0.5120904
2017,0.0019534528
5524,0.9980058
7449,0.8420261
5734,0.22713181
5456,0.14111084
797,1.8417817e-05
5525,0.06807834
8265,2.6062187e-05
1981,0.9998501
8977,0.9725965
6241,0.9999709
6021,0.4827106
7720,0.38615665
8632,0.11825171
6705,0.0006169379
2476,0.63592315
3510,0.00074750185
8887,0.17292935
10115,0.03248343
9061,0.1379211
5570,0.15558183
2763,0.0085507035
1437,0.44748956
3448,0.0016798377
3529,0.022604823
3156,0.024625868
4604,0.99724984
6776,0.23685154
10227,0.000834167
1545,0.010985196
10487,0.078663796
993,0.20532992
1161,0.97460127
7975,0.9868993
1591,0.07110897
7804,0.986514
5048,0.18668157
10454,0.9979478
3567,5.3988253e-05
5886,0.40447226
9937,0.19924048
3931,0.48068354
9706,0.99999976
10193,0.42819977
5569,0.98883045
9747,0.34330207
2217,0.99866927
5936,0.35564584
3885,0.8657576
1086,0.103490114
1799,0.3808121
9763,0.6235008
3299,0.0090197325
8268,0.99974376
473,6.3699276e-06
337,0.91038823
9381,0.21484172
6426,0.05128658
1210,0.27024168
4986,0.48544973
8285,0.23527241
2024,0.47958255
245,0.95963573
4807,0.011871755
2208,0.28932756
9835,0.06242186
8963,0.5344161
9946,0.0024403632
5230,0.23376715
2788,0.16338304
674,0.5632168
1629,0.9482869
2300,0.08260402
169,0.335851
3575,0.9975568
6910,0.3724938
1479,0.0079496205
10498,0.56819445
8062,0.5210416
9672,0.0635283
9467,0.05005017
6763,0.08475044
8508,0.011231571
1034,0.1310511
3756,0.029422164
9263,0.5004637
8141,0.00826633
532,0.9999883
7022,0.016694993
4024,0.41042268
3298,0.26582563
5641,0.043764025
10455,0.31460655
5206,0.99855864
7005,8.171006e-05
8971,0.3377394
8358,0.31701767
257,0.0023497045
78,0.8756732
6333,0.0025050044
7969,4.798491e-05
2505,0.5485484
2004,0.7657143
3748,0.48607105
5668,0.4142738
365,3.3639178e-11
9651,0.2980511
2324,0.28275558
3902,0.022346795
9294,4.3729838e-06
5377,0.047537565
2817,0.9920509
7670,0.010859311
4755,0.9595268
255,0.9978572
2714,0.38341406
2922,0.15952176
5517,0.26871857
5157,0.60265565
64,0.00010776546
5300,0.31250858
451,0.12270129
3941,0.94203126
326,0.3494795
3757,0.3860201
8798,0.18336523
2315,0.9999684
6755,0.9999459
2916,0.24781853
7406,0.004620731
3703,0.924857
5403,0.47778872
622,0.32793564
9,3.4698334e-07
5848,0.0006918907
8670,0.44421476
1156,0.19803911
10179,7.475175e-05
2028,0.9871654
3924,0.82407784
620,0.00045505166
1963,0.069734424
4537,0.3814622
8970,0.08008301
3024,0.98445046
6140,0.96761024
1866,1.2324215e-07
4442,0.9448434
2312,0.41061392
6749,0.17557889
459,0.8281251
1516,0.65661323
8817,0.2415441
4912,4.58304e-06
2076,0.16149518
10023,0.9767558
7684,0.0020151138
3531,0.14365381
6209,0.47329378
10508,0.9959127
8678,0.014997244
3541,0.3757164
1208,0.059384167
4090,0.41325587
1097,0.13995743
5099,0.89189786
2816,0.37670344
4291,0.37007335
1409,0.4014225
6401,0.08369738
4617,0.52622616
6111,0.06553295
6172,0.9997385
10357,0.14059252
8465,0.99853295
3867,0.0003630817
9495,0.9365964
4348,0.003224969
7879,0.12242794
9273,0.074267596
3252,7.1311544e-05
9167,0.3957786
2573,0.2786153
7395,0.5464915
9046,4.8414536e-06
1526,0.17818397
9339,0.013058484
10301,0.9700849
7588,0.6303919
1104,0.0067588985
1310,0.049344778
6631,0.32143572
10475,0.110459894
9090,2.9339509e-10
1528,0.014023989
1657,0.9987458
1175,2.145752e-05
1895,0.21757981
3864,0.0017610788
4700,0.28155935
3572,0.0075965226
10507,0.33283746
269,0.08209905
5744,0.15124214
1687,0.13509005
3020,0.18076304
4974,0.9826765
5119,0.379192
1916,0.7698412
6687,0.99527293
2197,0.25761765
8641,0.0063084066
10073,0.9796517
1967,0.0049059093
4999,0.019972771
9816,1.0726565e-05
734,0.9642918
9665,0.40187746
5092,0.98888826
2591,0.92010653
9877,0.93423903
4601,0.9996158
7734,0.3668809
7185,0.9334425
6405,0.372234
7003,0.09941459
928,0.00023585558
6490,0.24413604
1586,0.00019830465
10139,0.98014027
1192,2.8385986e-05
10526,0.035013407
5544,0.8440482
8779,0.0046114624
4497,0.50976175
3059,0.992646
2181,0.17151734
2303,8.7817136e-07
1190,0.63802147
1468,6.3557515e-10
8771,0.10884783
8997,0.64848685
6365,0.28559673
10355,0.122553855
3478,0.0115478635
3764,0.018171936
3542,0.24282882
4941,0.35870922
1840,0.4371318
463,0.1451197
7407,0.0025711358
7711,0.47241992
6044,0.1239779
3750,0.9991778
10114,0.117740065
1332,0.5283086
425,0.73353994
3479,0.9515298
1979,0.56399477
2994,0.19205251
207,0.10153499
5820,0.9976065
9187,0.024496645
5423,0.9639605
2743,3.1318937e-11
2902,0.99202275
9126,0.9782118
7903,0.15206769
4100,0.541582
3578,0.5348181
6061,0.00015085936
5081,0.23964167
4575,0.32551658
6695,0.76335454
5960,6.1574756e-19
10186,9.876362e-07
6795,0.37247086
10022,0.026930213
5841,0.36432874
7481,0.11019376
9331,0.29224208
400,0.9965549
6907,0.3673594
10393,0.9860679
3709,0.7924853
4726,0.9986127
3007,0.07518622
4723,0.33964697
597,0.22019744
1810,0.7683015
4131,0.021141976
4697,0.8347875
8838,0.65004975
5956,0.00049573183
4196,0.49265563
63,0.8607605
1714,4.6138102e-05
904,0.020658195
9715,0.9697986
4,0.3895218
5462,0.025950074
259,0.021964371
5418,0.038778454
6849,0.012733728
9893,0.44304305
10003,0.91182303
4976,0.109993845
7611,0.98718417
900,7.015254e-09
3746,0.45460168
3893,0.0027261078
2966,0.00015553832
9667,0.75935024
9734,0.17403322
8123,0.0004223585
8470,0.9871299
4058,0.16902885
4623,0.9909153
3782,1.0284899e-07
7966,0.42394397
6003,0.04735294
2168,0.48825356
422,0.30639026
6381,0.4068418
1136,0.69892526
3443,0.53074366
2214,0.36140588
9973,0.99354553
1593,0.38737324
5474,0.53148925
812,0.99985313
4703,0.24470323
4294,0.991608
10021,1.0826867e-06
395,0.029854625
3237,0.31698912
9099,0.00065535307
2401,0.044276953
10371,0.036934316
3420,0.70495343
3460,0.95067847
9088,0.42988268
5995,0.9791943
3084,0.9952944
3595,0.2388702
9524,0.9897508
167,1.3326854e-06
9743,0.97422147
6109,0.26164728
433,0.22355643
6292,0.010069519
8125,0.37938944
4035,0.14873374
2929,0.18154475
8810,0.9953245
4403,0.0032800138
3925,0.8290789
1290,0.53825366
3689,0.9110255
6709,0.00038203597
8021,0.293316
6237,0.9526803
1453,0.43561095
7340,0.00039580464
6078,0.7209135
2369,0.00074723363
1781,0.0070336163
3830,0.99352527
7625,1.7930121e-07
8150,8.470252e-06
1680,0.0028171241
7077,0.005475819
3360,0.30531263
7927,0.9978333
244,0.0006247461
8107,0.0026796162
820,0.973932
5915,0.9740504
924,0.14923456
9207,0.48214406
4077,0.7561557
6052,0.4184575
508,0.8667747
8105,0.34548014
4405,0.10968608
7558,1.8527835e-05
6094,0.94969535
484,0.77105284
8927,0.18873897
310,0.343345
8075,0.4120241
1094,0.0050506294
3211,0.43793243
1700,0.9846356
4816,0.13558614
9354,0.56917346
8845,0.031793296
7530,0.9963157
1520,0.3099244
1087,0.532633
5786,0.0017158687
6847,0.0062828064
999,0.34220785
5308,0.41160682
6569,0.906181
10200,0.0015395582
5868,0.6837094
1757,0.11188844
4625,0.8985548
2955,0.9449761
6187,0.9999477
9931,0.7826574
4883,0.44777808
2488,0.7098477
156,0.96848774
2820,0.36155576
1311,0.37493014
1517,0.15736777
3640,0.07321933
5763,2.6472367e-19
6689,0.42060798
1193,0.35358566
8217,0.5939858
10327,0.37604994
5042,0.17927033
6903,0.013629556
2068,0.9662906
7614,0.37327588
8842,0.0009146333
2445,0.41198575
10276,0.28562564
4931,0.36605895
6842,0.4412481
5927,0.15754777
6207,0.2563002
4539,0.05809295
8721,0.08348915
3618,0.09153849
2580,1.2547923e-05
5321,0.87856174
3181,0.26848233
4742,0.28866005
3340,0.59532547
8310,0.8567362
3948,0.38312703
2126,0.9742595
10436,0.01282987
9635,0.99022067
9022,0.06225151
8576,1.9575656e-07
2522,0.0016447306
7341,0.8067979
7377,0.9189825
7636,0.013152331
2536,0.66363186
2706,0.9540936
4814,0.048606187
6032,0.07905561
2630,0.56489706
1857,0.35708016
5412,0.9913495
1957,0.00014644861
9805,0.31697127
9256,0.14474759
1055,0.006175518
8439,0.4586516
317,0.00042903423
6126,0.27259976
9970,0.43360856
6008,0.16889212
2811,0.011508495
10214,0.35119814
10337,0.23413914
6563,0.3444538
5611,0.91150665
6358,0.004439473
8446,0.21304283
974,0.15183023
4839,0.45432836
4806,0.90879816
4597,0.115415156
4649,0.06151405
7744,0.99849916
5826,0.6657481
6118,0.103012264
6785,0.24842784
301,0.978789
3192,0.9923142
9854,0.41751933
9227,0.9786939
4768,0.036922038
2961,0.034186006
4564,0.013621032
2484,0.017966181
1606,1.31571795e-17
2864,1.600653e-05
2884,0.11258376
2753,2.4011525e-17
4366,0.41822457
2470,0.24787828
6369,0.08197421
2754,8.80921e-20
2501,0.00028041005
8890,0.020316899
2093,0.5072644
4937,0.36953527
2850,0.052700967
3706,0.005943924
6645,0.98487914
5799,0.658257
4229,0.9985256
4900,0.14201772
7883,0.11070484
4629,0.9658192
6459,0.5979664
10381,0.95612544
220,0.88868505
761,1.7643944e-05
4264,0.994362
6633,0.4881821
1424,0.958766
7017,0.039145827
6901,0.26228392
7126,1.1444124e-06
881,0.13650507
6382,8.126433e-06
7502,0.38809258
1911,0.607326
3076,0.015244365
9281,0.34308523
1534,0.23538047
8378,0.11378822
4717,0.80866635
7012,0.98422736
9028,0.5206171
5407,0.0061356425
274,0.26182514
9465,0.7756468
5164,0.21446228
937,0.38382086
5264,0.97888124
8051,0.0009327233
10304,0.10550207
2403,0.020124942
1697,0.70502126
8142,0.30489153
3734,0.06488985
8487,0.13955072
5123,0.9970211
8726,8.232108e-05
2336,0.6675999
7376,0.014469892
2793,0.42942622
1998,0.05426377
319,0.9903394
6783,0.19263059
6911,0.92907333
3078,0.9688169
3310,0.86261094
4790,0.94449496
2712,0.13101462
2968,0.98282707
7777,0.7477663
10442,0.16949844
1654,0.34404087
10438,0.15966159
4509,0.021020532
3963,0.0102238655
5043,0.06670731
5421,0.99964356
6465,0.063248426
8034,0.7131415
806,0.2342731
1090,0.28068012
1566,0.5988188
10187,0.38058627
2634,0.99591875
569,0.828707
135,0.017787516
3732,0.8423805
6247,0.958936
10466,0.20471013
8429,0.32525367
6725,0.07892984
6128,0.042430103
8496,0.383256
2433,0.9465573
5552,0.9744946
7122,0.37825578
376,0.048513234
796,0.37405196
6121,1.8933241e-06
8960,0.36002788
5686,0.27351308
2213,0.101855636
6602,0.71657157
3357,0.9625579
1997,0.22730201
691,0.1159119
4370,0.7497724
9660,0.999358
7189,9.052024e-06
6660,0.05695662
2074,0.806391
5375,0.96350265
1816,0.00048437715
9802,0.9495495
7654,0.99672884
3784,0.13462183
9604,0.9761641
6397,0.9031252
7125,0.91605926
1460,0.57394904
5718,0.081775665
5452,0.771631
7064,0.6369636
8272,0.9573793
3620,0.99708974
2772,6.428805e-07
5150,0.35028103
125,1.9133852e-08
1005,0.03298855
616,0.50132287
9056,0.01568821
3972,0.08728561
746,4.1252082e-05
10286,0.9903738
723,0.3767512
1283,0.18328354
8009,0.64020705
8509,0.2934135
8220,0.4412382
7393,0.5358261
8499,0.11483061
3789,0.29926753
9658,0.23129117
8171,0.2716614
1985,0.49751455
733,0.24466905
6706,0.3170945
6282,0.08659506
7243,0.0004027784
3995,0.9476212
4375,0.13599095
1647,0.30094102
9306,0.8753114
9272,0.11853889
9464,0.3571803
5340,0.35277033
5475,0.9999963
4911,0.98250234
9315,0.006865829
811,0.30609226
6395,0.38981497
3229,0.13627067
2250,0.2406312
8433,0.103604764
10428,0.10515073
10461,0.0045678318
8408,0.7786659
3945,0.5841788
863,0.94300175
4683,0.34819788
1162,0.9848173
9132,0.40216422
1076,0.030474067
7236,0.3321138
3218,0.4682694
6866,0.15053883
4997,0.42158946
9121,0.087234676
8696,0.26444826
3313,0.35759985
1421,0.40600657
80,0.38401425
8163,0.37003967
4583,0.86410195
4053,0.0011349618
8693,0.00084871054
4139,0.08432841
6976,0.34071577
3549,0.3830647
5534,0.09081745
1638,0.6937093
6375,0.79106176
1008,0.49276313
9120,0.71369904
8071,0.42091644
3266,0.996887
10482,1.0
5288,0.34240344
6302,0.38420606
2183,0.12639442
9199,0.23465315
5441,0.00015681982
4418,0.1113019
7287,0.5803652
1532,0.8374227
2978,0.34019703
1230,0.40308103
6423,0.89829564
9643,0.049474
5142,0.13133523
9368,0.63549787
6132,0.61837417
9031,0.1887536
4767,0.99765795
844,0.3830393
10296,0.07386005
9045,1.1131123e-05
10469,0.30385768
9223,0.3593235
9340,0.00199911
1226,0.032324344
686,0.21218738
4037,1.0
7620,0.36344504
9322,0.5982117
2943,0.0072090626
6549,0.36430708
8124,0.0005224645
1803,0.66302305
8025,0.013282716
368,0.0010623336
3660,0.0023481548
4943,4.3206383e-05
9143,0.13028616
958,0.61183894
4272,0.39120963
200,0.34950387
7314,0.9972234
7827,0.0015928447
252,0.35907727
2242,0.83636194
2804,0.018246949
8802,0.036847293
7645,0.93027925
7228,0.9794483
9200,0.022421986
4738,0.9959402
4513,0.98917735
7999,0.01891014
3938,0.028859288
8127,0.99982023
9265,0.3605498
7353,0.6422719
4772,0.29826277
4461,0.32037193
1335,0.3520242
9018,0.7075852
10460,0.9995576
7956,0.0033123493
1238,7.72006e-06
2552,0.9014175
6517,0.46899253
5925,0.71991044
7413,0.02396053
3728,0.17069045
1103,0.9517203
3704,0.7175356
8413,0.6589122
4533,0.14983732
5449,0.96426594
7306,0.34923148
1401,0.98888075
7365,0.6089538
8363,0.13828778
3656,0.63249785
5683,0.78447366
1940,0.44920158
8674,0.062725276
6745,7.5930706e-13
4431,0.9920234
2263,0.9998709
7506,0.58901376
4059,0.9966555
4588,0.345191
8692,0.99694157
7258,0.8350146
5448,0.99700725
8865,0.37643898
1119,5.095254e-07
7642,0.9887056
9981,0.8611979
181,0.9009043
7528,0.06269577
9086,0.7522825
4963,0.15549067
5292,0.00625661
1254,0.4513751
2125,0.121685386
5601,0.97545826
2758,0.9801946
1922,0.4210051
5440,0.4320905
3001,0.5588023
4011,0.3688366
8604,0.5680075
2779,0.2596023
1568,0.3522523
10123,0.10168922
9053,0.19133285
8028,0.69505006
82,0.4142968
2845,0.9770074
10221,0.5153159
8598,0.6814571
5011,0.9995927
7401,0.18992814
8687,0.005171746
8767,0.9867673
10046,0.35292566
1920,0.2756943
4364,0.99589324
9395,0.39262864
3602,0.37274334
9038,0.0848462
7786,2.9629582e-06
5106,0.7804271
9337,0.0015590191
1575,1.4373566e-05
10291,0.41336107
2965,0.99682975
1478,0.15217191
3625,0.05380243
7329,0.99171555
4116,0.2718195
9136,0.14477187
6870,0.99493396
4073,0.9744492
7863,0.2887873
7437,0.18206453
278,0.9971868
1977,0.36006254
8570,0.52314276
6800,0.008690506
8964,2.9058329e-13
7534,0.99515307
6539,0.9525346
645,0.4246792
8223,0.32427758
610,0.34938258
1512,0.66709864
8340,0.855281
4524,0.33465457
7465,0.29844505
6313,0.39458013
1873,0.13402033
1015,0.73338944
444,0.10732359
4967,0.69268334
8988,0.65197426
3199,0.6405581
8020,0.98396754
6103,0.015224606
362,0.22457406
7325,0.84062815
5730,0.006856054
10448,0.9997887
1452,0.34771162
6669,0.00015121698
7892,0.36959487
7859,0.9999788
5866,0.993877
2970,0.124130785
9609,0.35312843
893,0.3669448
4176,0.1085867
4280,0.11349231
3970,0.017214417
4516,0.09425962
7503,0.40299475
7955,0.9443097
9852,0.5160764
8380,0.7576984
9284,0.999262
10386,0.030286968
4004,0.2678084
5328,0.1386123
9274,0.98686653
4646,0.385803
396,0.9870317
5513,0.0076389015
4117,0.041648895
3751,0.11807966
9767,0.43446246
1071,0.42117912
7812,0.66920656
5059,2.4454025e-06
2667,0.00020250678
9304,0.020826608
10385,0.21990713
7930,0.33810914
5225,0.24577194
9839,7.392414e-05
2831,0.055482388
2387,0.0015376508
3433,0.0067234337
5101,0.00056132674
6357,0.786629
5476,0.27458045
3807,0.98753786
10232,0.013194084
1508,0.28635862
6993,0.6052568
5505,0.05104643
6009,0.21516058
5301,0.8402585
6766,0.014646918
2248,0.06649637
8572,0.36709857
852,0.39163926
7871,0.99812055
6926,0.40514526
10220,0.9998896
9007,0.9943071
6990,0.998865
2012,0.18400562
5645,0.24994719
9091,0.8990462
3797,0.08129272
7201,0.09106755
672,0.9133929
1257,0.9993222
2010,0.042131722
8222,0.9002787
9636,0.0037798882
2746,0.69910616
2919,0.94575375
5231,0.30975667
5625,6.5070105e-09
10254,0.51325047
2651,0.15427065
1740,0.9939798
3212,0.392056
10502,0.15743807
7139,0.021078318
7210,0.38657898
10049,0.10861468
1621,0.11718741
2301,0.07078084
5798,0.980898
3812,0.88264495
6190,0.30166364
5503,0.23136023
9972,0.020413041
5646,0.23308766
2003,0.98167354
1069,0.0002207458
9656,0.5132131
279,0.9970914
4328,0.14651626
7105,0.28070736
1643,0.0046571493
3108,0.26995313
3106,0.26718977
1626,0.35173136
9838,0.19246876
6994,0.35444808
3463,1.1179272e-05
781,0.1238969
4337,2.1390595e-06
1639,0.029865593
416,0.3405568
7687,0.67840564
9610,0.012063593
2519,0.12568209
10210,0.31379163
8633,0.9898807
1276,0.9848618
4764,0.4095526
7674,0.046409667
6550,0.7094612
3853,0.036575228
341,0.03051123
6258,0.22765484
1884,0.1264689
2855,2.9737452e-05
2196,0.3669713
5326,0.32859895
6380,0.089264065
5580,0.039951533
4563,0.16880238
10414,0.22421706
3226,0.8764626
3175,0.5496953
9457,0.3769595
1705,0.33002746
5910,0.02726984
375,0.3911987
10333,0.0053036213
3852,0.011260182
1971,2.8914147e-07
8720,0.020408362
1860,0.044145644
10349,0.9922217
4605,0.041559517
7358,0.8502885
8258,0.34905964
5678,0.07215631
694,0.8779677
8482,0.3089358
1924,0.20732161
3716,0.86524045
3282,0.40535673
5746,0.025235772
1518,0.09299934
8741,8.041407e-08
7630,0.056437492
8276,0.003869772
6939,0.36498597
1435,0.6259377
8157,0.029639095
1041,0.3641727
4478,0.6371939
8307,0.00042802095
2094,0.99780905
5916,0.5161894
9848,0.9142587
4803,5.5713446e-07
2147,0.013494551
295,0.99481595
861,0.06377494
3822,0.3406939
5609,0.9980291
9450,0.37529123
4122,7.2834666e-08
10558,0.25908902
4285,0.15044957
6184,0.9392003
7295,0.13998535
1926,0.9968326
5026,0.011131048
7952,0.9703393
4194,7.005818e-08
639,0.012118459
2130,0.13319978
3119,2.0034406e-06
3251,0.04181996
5803,0.0010293424
9553,0.0057418942
5937,0.98843926
2133,0.39362422
693,0.0026717782
5944,0.07890758
2227,0.42168346
9915,4.7383193e-05
4044,0.0031841397
6033,0.31574404
3270,0.9256509
7050,0.1516633
6185,0.14069968
7984,0.000115941075
2109,0.99271035
2244,0.38729772
2481,0.036105156
4332,0.9998652
6016,0.50467575
10162,0.9991348
2453,0.15093437
6228,0.082268834
6166,0.31508553
1411,0.0032209456
254,0.39000076
7479,0.007854193
1476,0.25370687
7801,0.63329613
4988,0.30090952
4694,0.3117001
10194,0.0034337044
2574,0.953765
8334,0.28454968
419,0.15595424
8643,0.9681856
2548,0.20998845
4615,0.9871954
8772,0.006151527
10463,0.96839607
6756,0.37125576
1503,0.9833313
4095,0.0003953874
1723,0.87698925
8829,0.027840108
10085,0.24884093
4796,0.1564233
9756,0.025640815
2158,0.07076213
7273,0.014747769
3056,0.2795723
656,0.0013083816
3074,1.4614751e-07
4661,0.7917122
3958,0.47908202
4311,0.13074386
8375,0.99905705
7442,0.36555704
3839,0.3696852
6179,0.1695014
3786,0.4250043
8520,0.9852556
3664,0.0040465295
2014,0.86399543
8298,0.04779342
4220,0.14388722
10127,0.99778485
6182,0.26349944
3206,0.9489199
8503,0.9984553
5682,0.4012263
5699,0.04839462
6215,0.9811466
1394,0.00017112494
9582,0.09429911
10070,0.9850886
4940,0.9323201
4193,0.02764988
3400,0.22335881
4785,0.22994098
7460,0.8766725
5838,0.27885807
2503,0.36938286
2730,0.9907152
7156,0.0007354915
5511,0.8384177
438,0.63649106
2233,0.9845822
2016,0.013998836
139,0.3269764
384,0.31310755
2313,0.35699004
5145,0.97370964
7864,0.3641855
1195,0.8999125
5365,0.040203452
6977,0.3489027
10001,0.38262743
567,0.42663133
9950,0.5584566
157,0.1387612
6553,0.8017061
7337,0.016851634
349,0.31130815
4874,0.42416626
10313,0.5502151
8421,0.37583423
9469,0.22806078
9314,0.8047411
3663,0.04054019
7216,8.454941e-10
8871,0.34475076
5743,0.97693783
2072,0.6390856
2654,0.0028852522
5908,0.0830816
9863,3.8852304e-06
457,0.037179947
6965,0.013787121
3030,0.06787667
7765,0.11406362
748,0.14101323
6304,0.055363685
9606,0.28095952
10351,0.0076144636
406,0.6553974
8120,0.0014036
8486,0.87598705
6998,0.996878
77,0.9306319
841,0.0057451725
7709,2.1484733e-05
7404,0.9966578
5606,0.027587026
965,0.67336994
3163,0.22753865
10192,0.39738065
6163,0.014337122
9865,0.0013611913
9518,0.12884179
1267,0.0006324053
2051,0.9998461
2046,0.0053887367
1464,0.9877595
2153,0.049620807
6612,0.27652246
4971,0.439011
866,0.053700536
4124,0.00024336576
5086,0.46932846
4351,0.06865764
8101,0.0048758388
7912,0.046150833
2504,0.88071287
2837,0.13209495
2034,0.023946315
4844,0.8139689
7780,0.0111655
5901,0.079853386
3296,0.2982571
7299,6.4950706e-07
8574,0.18126827
7472,0.72974813
2276,0.020092309
5980,0.10186505
3184,0.32807857
4359,0.06288996
1064,0.5239453
9039,0.0017997622
6376,0.3217293
1706,0.34699208
7970,1.2037404e-05
3540,0.5220719
1407,0.37105063
4561,0.062348902
6691,0.9909029
7172,0.32472417
1923,0.40072095
4407,0.36802283
6777,1.2882256e-05
2600,0.013699681
1936,0.0014740229
9778,0.0033852458
2766,0.0002452433
6668,0.24164036
9013,1.2095402e-05
4319,0.024115056
3263,0.62642574
1612,0.94565594
5132,9.852452e-10
216,0.9943933
7232,0.3837288
9373,0.0595513
5030,0.17227149
10107,0.42957574
8309,0.8956344
8449,0.56933296
6961,7.725757e-05
4954,0.32865506
7344,0.46006128
8146,0.9953929
1132,0.45240754
6145,0.6967392
1353,0.0011918247
3624,0.85569704
5058,0.9662794
9789,0.49109137
7290,0.043934196
8583,0.42937857
1088,0.832791
9210,0.03537956
8240,0.0030659437
3326,0.00037884712
6315,0.7400783
8410,0.7358632
4535,9.482134e-10
5991,0.45045102
1874,0.28430834
1898,0.025399357
3557,0.9994849
8587,0.9999695
4190,0.21221218
7261,0.016215086
6854,0.17565414
9375,0.4384461
6317,0.7686752
7713,0.604286
7058,0.955992
7628,0.013899624
3513,0.35117006
7953,0.99481213
3445,0.17592189
8461,0.40560088
2834,0.18686143
3414,0.39629176
9262,0.9612654
9235,0.005731195
3146,0.35233536
3379,3.918394e-09
1701,2.23604e-06
5527,0.15142718
8031,0.4140097
4032,0.49240574
9782,0.3581389
7656,0.37317288
2985,0.9861599
9334,9.976027e-10
3343,0.3394721
4760,0.17682964
10311,0.9450623
2609,0.00032043457
5117,0.10089713
6724,0.9969249
671,0.9235604
798,0.18469098
2341,0.9076897
4262,0.7960309
1950,0.96469545
799,0.999751
2575,0.92107654
660,0.99809563
6432,0.41396388
3168,0.9984145
7435,0.96628284
4010,0.9666603
2882,0.11988613
5930,0.7560364
7716,0.0006137192
4054,3.8320973e-06
3148,0.069351226
670,0.13020685
3519,0.3930992
5770,0.00492844
8876,0.0042978823
8357,0.39390337
1620,0.583548
8558,0.0015876293
6786,0.64080167
3825,0.315979
5857,0.07823196
7685,4.8527352e-05
3947,2.8179418e-06
6449,0.18453181
8636,0.35400662
6046,0.0016331375
3205,7.4128825e-06
9435,0.9951396
6865,0.23935145
281,0.99923456
6922,1.9854633e-07
3536,0.0005893409
4555,0.28449717
5364,0.16645724
2483,0.99635464
3524,0.55613244
3117,0.121932864
1152,0.07780433
3912,3.32625e-05
1297,0.9454833
2896,0.33596417
5804,0.9798606
5722,0.14102286
189,0.019439131
2376,0.0026802123
4635,0.3951011
4801,0.98677146
5972,0.0065763593
2461,2.8702958e-05
1168,0.0019250512
5136,0.51143533
7806,0.4523538
2559,0.99988246
2139,0.5445994
10562,0.35346514
1497,0.22299376
4757,0.3459642
1354,0.0010065436
5896,0.97807866
6453,7.773337e-05
1426,0.020663857
4271,0.022819728
7673,0.47474316
7782,0.26716214
8181,0.018365473
1797,0.17957553
8615,0.97764194
3097,0.6344378
5306,0.19639689
9633,0.07617009
8700,0.004578829
9876,0.93362796
8045,0.35720235
7750,0.2663609
6370,0.69688267
7093,0.0704588
8018,0.058538347
1118,0.35934758
4849,0.77346593
9627,0.0033684075
829,0.012085915
4164,0.0023173094
1707,0.9763385
6752,0.0019803941
6236,0.27067953
4052,0.085948855
5283,0.36376768
2856,0.93071884
4630,0.012316853
9563,0.99797004
6576,0.71822155
5721,0.3649357
4305,0.54644215
8972,0.23840931
1694,0.86638564
3582,0.97788405
3913,0.019625813
470,0.22655746
4195,0.00069737434
3422,0.13258955
9744,0.009273887
4206,0.14349976
7971,0.40738297
141,1.383931e-08
1994,0.9964159
1602,0.6231679
1031,0.00011752286
9150,0.08588207
8528,2.5469162e-11
7545,0.04024744
7448,0.30201793
1821,0.22277534
10075,0.0005995333
5242,0.23253548
822,0.000369519
4826,0.15740985
910,0.37959415
10147,0.4207807
2018,0.9292014
8916,0.032529086
4880,0.023533076
184,0.17949694
6081,0.8129717
4281,0.111137
7418,0.9666289
6054,1.683528e-05
7972,0.41996986
4894,0.9726423
5313,0.004890412
5046,0.3900715
7183,0.13214427
5347,0.064884484
5051,0.38472918
495,0.073919564
5985,0.7306717
1227,0.98428833
7594,0.71682024
6178,0.03337267
9344,0.0030532777
3681,0.90719366
2805,0.6106217
8237,0.013128459
5139,0.44727293
2347,0.00064754486
1978,0.00012262413
7824,0.37500334
873,0.67410624
2569,0.008952081
4704,0.9997796
6974,0.43036577
4454,0.0026383102
35,0.36757898
8231,2.0853783e-09
9280,0.018747598
6567,0.1750333
2088,0.9930594
925,0.99775654
9958,0.12634316
5234,2.4987077e-07
7623,0.4290187
6074,0.044597775
8115,0.09143871
10462,0.5525861
5008,0.38434273
1256,0.0011156499
5001,0.041172177
6885,0.0089663565
7509,0.7097068
6251,0.85006595
7250,0.0013486445
9502,0.09272227
267,0.0007112026
4109,0.19410062
819,0.013001859
9397,0.043836653
3707,0.09220615
870,0.9669211
10203,0.37057477
9241,0.3970817
5215,0.36324635
982,0.8448473
3878,0.040857106
1847,0.3701474
10457,0.9999938
7811,0.35243186
6205,5.424087e-07
8311,0.00042420626
7657,0.44662133
8174,0.39000854
2119,0.031424224
7893,0.57151526
7754,0.6133193
3684,0.4343855
3585,0.0023407638
300,1.5089514e-06
9176,0.9941952
5879,0.9686427
1457,0.90986264
5040,4.6830196e-12
1862,0.019597173
9749,0.9996599
161,0.9946055
6134,0.9095459
4995,0.016026229
54,1.0365789e-06
5125,0.14665127
2032,1.4795744e-05
8210,0.0082012415
3816,0.013911009
1769,0.80316067
6156,0.05866763
8667,0.7116085
2974,0.3780299
3417,0.11721882
2835,0.06822637
1668,0.997191
10028,0.14971468
5619,0.0056660473
3169,0.36076635
9153,0.42818674
8746,0.98903227
8049,0.3982128
10564,0.4992184
8691,0.30231264
2765,0.9685668
52,0.015002519
2663,0.39993688
3014,0.5329947
9453,0.6435121
8078,0.30760476
2356,0.44876096
7595,0.6469888
2195,0.41102904
7633,0.9549234
1259,2.232192e-06
5214,7.3640274e-11
531,0.34092078
2398,0.09224036
5458,0.95675385
2794,0.2944141
153,3.8629426e-07
256,9.739578e-05
8787,0.23109934
4496,0.6917219
9649,0.028746784
461,0.04300508
502,0.01612556
529,0.19265479
5529,0.32473212
9391,0.9999989
1032,0.03156355
9896,0.083386004
5557,0.060637563
1836,0.0557808
3476,0.23964036
7104,0.00083193183
5480,0.05179012
1717,0.47411126
1333,0.9999841
1806,0.111409366
8297,7.292506e-05
2806,0.061055094
3407,0.38534445
10518,0.07822427
6043,0.07326412
8857,0.45852628
8456,0.060329884
427,0.1470449
4028,0.09806782
1988,0.004207492
7354,0.041282415
2393,0.11948827
452,0.0003016889
5445,0.4048658
7637,0.99252135
5486,0.40352878
4175,0.45563224
6068,5.0981504e-11
8968,0.30826294
9384,0.6375582
7470,0.17349595
9319,0.8782295
5817,0.97599083
10294,0.9707279
1313,0.3474842
10181,0.0025503933
5269,0.33855367
127,0.1275838
989,0.7474293
10234,0.369831
4799,0.9877349
3834,0.2129949
9206,0.361687
4753,0.0004582405
4437,0.028990358
3520,0.9999881
10124,9.8213975e-05
1318,0.38621712
2055,0.5749727
690,0.9985937
1294,0.043880135
6522,0.99877477
4453,0.012711734
624,0.00037679076
2863,0.92046016
4922,0.3871809
4120,0.42071652
8164,0.18054873
2317,0.21039546
6058,0.07412723
1428,0.048526675
3577,0.40345788
5811,0.16682929
1430,0.17832455
4488,0.002234459
9634,0.99737954
4482,0.94861084
4580,0.93288255
2571,0.0043202937
10499,0.9830296
3932,0.06317094
377,0.68473876
5851,0.11411965
6384,0.95416224
6470,0.21718019
8505,0.34405947
4268,0.34540945
10397,0.003228277
4309,0.0023917854
1949,0.48757905
2097,0.38740957
9709,0.02477929
4936,0.17100474
4033,0.30508167
3828,0.34529382
8862,0.019339949
374,0.04614854
401,0.9473748
10015,0.8498011
7613,4.0492773e-06
4397,0.63425493
2329,0.6505008
4733,0.97783804
1552,0.4000014
2486,0.40750802
940,0.31203038
7118,0.987553
8060,0.9822656
1550,0.025748461
6202,0.0007365644
8980,0.96831244
8162,0.8126154
10066,0.00025066733
7981,0.8304444
7336,0.9998698
6277,0.39872783
1670,0.3804651
6007,0.22606567
7832,0.21626157
2612,0.08232248
8320,0.9997231
1779,0.9984236
6107,0.011506498
2537,0.9791175
2726,0.9403696
8717,0.001609385
2201,0.34984314
6276,0.29651865
3293,0.029577166
7907,0.6152363
7321,0.29589406
840,0.12893975
1081,1.1953631e-18
8289,0.667284
343,0.006782472
8184,0.12453446
7166,0.81289566
8805,0.999894
9407,0.34628433
5573,0.21372193
9330,0.8793442
2215,0.74728686
4105,8.346877e-07
7699,0.042015344
5850,0.0028357506
10228,0.9847324
638,0.10983676
5633,0.04701388
5919,0.05335
4573,0.3762371
7164,0.5004626
5093,0.8534657
9815,0.6164639
8411,0.949996
8955,0.99992925
9556,0.36772865
7349,0.3749103
8436,0.9541904
2631,0.9911649
2739,0.9627801
3930,0.3400126
6833,0.45762473
9186,0.98447573
3150,0.018334597
8328,0.39681858
4006,0.77585924
3065,0.093022555
3305,0.0016435385
2506,2.872775e-08
9737,0.56549436
5178,0.15885979
9452,0.28675348
10111,0.5766089
1652,0.38625664
10134,0.4683856
7247,4.6480233e-07
4363,0.98187554
1712,0.9967379
4232,0.005369365
5626,0.08468801
3049,0.90531737
5397,0.14419425
8637,0.03671035
8785,0.31661665
4438,0.77854294
1410,0.12929302
6902,0.24797976
187,0.000107139655
3883,0.066853166
3988,0.83414245
5620,0.3835978
2904,0.22778553
3926,0.25351313
9020,0.09324545
2947,0.2907982
2364,0.8513547
5291,0.977129
7078,0.13340685
4477,0.15304491
4333,0.776404
9247,5.4029562e-05
6957,0.035235703
7281,0.048087806
4012,0.3865171
975,0.9758937
8037,0.60567045
10408,0.98233783
2900,0.18329051
6457,0.7024213
9292,0.13955513
2115,0.17554855
9001,0.75317085
8981,0.05823657
6085,0.38999358
49,0.28373176
210,0.0035757422
1607,0.009811372
5256,0.00026464462
3170,0.96595335
147,0.651202
7627,0.88071966
83,0.010094881
3686,0.11343053
5133,0.45734876
935,0.3713027
2875,0.0074679554
7277,0.231215
55,0.9914943
1253,0.3383637
3406,0.8196491
2474,0.8464353
8451,0.0071290135
7301,0.8818593
8466,0.050047368
7499,0.5830769
4926,0.9943125
9033,0.25885907
3999,0.09963712
1017,0.061348975
947,0.77226985
7798,0.24765274
6280,6.767099e-05
6393,0.0338614
8056,0.03410828
9003,0.060771763
4481,0.17292714
5134,0.0077816844
4804,0.027096242
34,0.3639782
5659,0.9851732
4519,0.0063797235
6272,0.9995003
765,0.0062657
3752,0.11407977
1753,0.3036254
2123,0.00013172626
1802,0.006974876
7678,0.00049084425
4547,0.08812168
3793,0.08851701
7453,0.25763863
5330,0.16095075
4093,0.82704765
2362,0.023285776
7116,0.21840668
3135,0.663384
10536,0.016021699
8484,0.12859663
9002,0.14053312
10204,0.12739486
7570,0.04719472
1275,0.99998885
3630,0.2943802
9096,5.9184008e-12
3475,0.0012646914
4818,0.53970295
2019,0.3095575
10402,0.00055772066
643,0.08631688
9927,0.047865808
2827,0.026697367
288,0.43356854
7886,0.80285704
6584,0.9934681
5554,0.97292995
6329,0.00015440583
1233,0.3635794
2541,0.16584611
1150,0.055130005
8459,0.97945386
1814,0.014627844
5564,0.0008799732
4306,0.560309
2144,0.1517612
9792,0.005581081
4634,0.1348018
10084,5.9298964e-05
9847,0.0014367998
8510,0.46774495
8921,0.00049465895
2509,0.93890905
2111,0.5110938
7505,0.12838161
556,0.11066142
9596,0.9991126
1863,0.0027189553
8172,4.4769953e-07
8404,0.98507476
3607,7.504041e-08
7802,0.026506215
3503,0.05965644
5624,0.3607992
331,0.9433415
542,0.99719274
9705,0.037348837
3592,0.36193052
5018,0.13475564
5800,0.99891436
8651,0.22986925
7600,0.18971023
9509,2.6515207e-05
5431,0.23065853
7454,0.083070904
8106,0.20410073
3137,0.087890565
702,1.0
6287,0.09026173
5657,0.03761983
8027,0.31326175
5350,0.0009640753
30,0.3378048
2677,0.22204211
3898,0.003522396
9451,0.98392946
9949,0.12346697
8074,0.34287754
6618,0.46834886
8351,3.8705628e-10
7861,0.94538087
8914,0.37531984
9820,4.9248505e-05
9148,0.745208
1334,1.5643606e-08
1684,0.49386752
6414,1.5255587e-05
6967,0.017616272
1726,0.0060375333
9178,0.43801573
6642,1.0269258e-05
1024,0.84121096
6437,0.0096152425
7042,0.94469196
5319,0.1880787
4594,0.18836865
3702,0.7327087
4882,0.50286216
4243,0.052351385
4750,0.11204326
5735,0.31410772
1432,0.3664585
7576,0.99979705
7455,0.39555115
5563,0.22298309
2291,0.98484683
5386,0.07292637
8490,0.01464358
2357,0.31601948
5473,0.9920845
7091,0.9698403
2464,0.028173655
2801,0.7356625
6604,0.46539396
2122,0.69503355
4320,0.99455065
1841,0.93192655
8129,0.091239244
3149,0.2793754
10525,0.9992038
1869,0.10891104
8664,0.0989559
1941,0.00394091
5216,0.36347824
7993,0.010506898
7327,0.0072062016
4076,0.0036135018
6544,0.36234707
3300,0.52852535
9139,0.0072719753
6761,0.9674615
2220,0.4713123
5661,2.9576704e-06
1676,0.0001283884
1572,0.97883236
9545,1.7839509e-06
212,0.46587086
2498,0.2999335
5758,0.2785989
241,0.98483336
7872,0.1780883
10546,0.3598069
9615,0.2856951
882,0.36912394
5753,1.8921869e-06
547,0.029544085
10275,0.00786978
7686,0.9885081
6508,0.785385
4296,0.45530027
6625,0.57903594
404,0.0061299503
1289,0.3320403
5239,0.020958394
10261,0.03398466
2649,0.08601877
9886,0.93932134
5341,0.092044175
869,0.25704095
5533,0.96453357
1560,0.99272585
9892,6.232907e-07
1933,0.026091963
5885,1.0569444e-05
7833,0.11257538
7296,0.0025341213
7373,0.03076896
8983,0.38721687
5842,0.3470394
2194,0.023122698
132,2.2293752e-06
2659,0.013879448
7896,0.14986488
7887,0.27426177
5745,0.97852814
2409,0.8220473
2253,0.84284496
1434,0.56656325
6946,0.017845571
6510,0.038725227
6982,5.3971988e-05
8999,0.051986933
5170,0.0067582726
10158,0.04498568
234,0.2786678
9034,0.6280663
3801,0.9327084
3887,0.50926876
10361,0.10646781
5385,0.99487346
6575,0.9488375
3560,0.32740662
2112,0.3838481
4307,0.018451214
8704,0.8779799
10476,0.48895064
4637,0.1200369
2953,0.99848616
1320,0.9995918
3264,0.3009566
7904,0.99911726
9144,0.99830425
4494,0.9906056
4819,0.7851801
3781,0.35986003
3459,0.3732195
5681,0.34843105
6507,0.30132872
3722,0.87709886
398,0.07901621
9377,0.4087386
978,0.3997578
3104,0.9850866
2693,0.0024662316
3803,0.8025214
9533,0.9905489
1173,0.56262827
10307,0.67580205
10326,0.010605693
5113,0.005344987
1116,0.52800846
10452,0.9644946
8013,0.07016751
6491,4.953796e-09
9906,0.99729073
7531,0.51930904
102,0.0011330843
5233,0.82322955
1661,0.9930148
8280,0.32635993
1000,0.5733128
3743,0.8563608
1501,0.9780132
3809,0.07645932
8647,0.6359144
1959,0.23663148
1690,0.44077632
5498,0.34315467
837,0.064325064
8788,0.82498574
4114,0.6335285
1413,0.59143925
6836,0.955526
4240,0.38700563
1908,0.8248631
5750,0.3432327
10087,0.3174072
2680,0.2761387
4323,0.56085145
4439,0.9786776
8517,0.051257342
933,0.811574
33,0.9912642
4295,0.2379035
3258,0.39459386
7497,0.2588451
9276,0.37701863
9811,0.05072257
3833,0.33853984
7682,0.12707686
1748,0.11885807
3693,0.18928346
3608,0.50276023
10230,0.3800946
5468,0.30685824
10464,0.9995016
6932,0.09424332
3616,0.37965482
9603,0.9912608
10394,3.3804066e-05
5509,0.6840643
3731,1.0
5827,0.00029861927
10527,0.9997796
7004,0.8225961
3210,0.18331379
59,0.99639726
2660,0.8719029
1909,0.36092612
8569,0.99235594
2862,0.08098084
5966,0.36286098
2639,0.3239742
6838,0.70238864
9527,0.005464822
5345,0.9331099
7702,0.030166954
3242,0.30623925
6516,0.28281635
10412,0.24738342
8213,0.3734498
2598,0.99980974
6193,0.11968061
9593,0.9789883
6646,0.8041452
5388,0.38279092
6413,0.49251503
1540,0.34645575
8660,0.21052402
2999,0.39594203
3194,0.34742856
9437,0.9618548
9473,0.5308579
877,0.07824585
9640,0.38328195
4434,0.11511189
8385,0.387448
2542,0.30352923
3281,0.09186211
7820,0.023425907
1418,1.0
6079,0.3980087
3685,0.07073039
9361,0.0043290257
3364,0.82387865
7495,0.0854381
8226,0.41714066
8043,0.08317813
9924,0.026314795
6018,0.36086312
3,0.42607114
4592,0.0029271543
10125,0.052276313
8900,0.17590353
7028,0.999367
3419,0.0005978048
5514,0.27419576
2770,0.21899629
5007,0.55714285
1931,0.3271128
9768,0.35292304
3337,0.372628
703,0.2954736
6685,0.15615049
6064,0.0077656806
1881,0.28988883
4842,0.31711665
8432,0.2941874
3569,0.10152581
9797,0.36886024
2829,0.0019187331
3739,0.038505226
2128,0.23622268
2372,0.40739053
3354,0.35403287
3321,0.81327647
8532,0.9958341
1800,0.0057584345
2560,0.2874744
3936,0.6090245
2588,0.0071567297
4890,1.0
8912,0.9477091
6192,6.375756e-06
8658,0.0070019364
5272,0.000110570465
10404,0.8472891
2299,0.04792911
9419,0.36057428
3018,0.24397495
8642,0.4272297
6594,0.067931
8852,0.073176086
9212,0.1438514
7081,0.9201482
8469,0.022111028
1372,0.36592442
2514,0.0039958954
2311,0.013309985
5548,0.20975393
9024,0.049813777
10324,0.012836009
7735,2.1194016e-06
1488,0.8397994
9130,0.99956095
2307,0.9798279
2374,0.036700815
10519,0.9999901
10264,0.7570486
9908,0.18333396
1073,0.14887267
118,0.8383634
8884,0.058523327
242,0.005796939
6300,1.7488015e-05
5422,0.08226618
899,0.099472016
773,0.22880581
70,0.82175815
9249,0.0019103289
8847,7.693593e-06
432,0.008118987
468,0.9796412
7830,0.026152879
4642,0.5071591
1782,0.999847
8683,0.39667237
8551,9.322802e-05
5224,0.43211028
922,0.37662733
757,0.9967971
1101,0.0055186152
6804,0.22802588
9266,0.99071956
6487,0.37219656
5627,0.004973799
4972,0.78448886
3596,0.9611075
1420,0.39216223
10209,0.3890416
8629,0.5940118
3147,0.64845103
9821,0.984606
10377,0.007825166
456,0.22225684
9887,0.0054702163
8864,0.14520276
5665,0.03769359
1764,3.3003926e-09
9198,0.94241756
7536,0.367316
991,0.8623171
1537,0.16708675
3450,0.9892974
5663,0.8071828
4221,0.38372353
3350,0.021594048
943,0.07616022
3203,0.058036745
1144,0.37569106
2334,0.9845655
7074,0.988224
10071,0.102790445
7540,0.99883795
4143,0.21820644
6643,0.39980215
1067,1.00506985e-10
6356,0.9361111
8133,0.27998474
108,0.16133466
308,0.39662296
7432,0.0012037754
2652,0.8352497
4740,0.998001
7048,0.00015315413
490,0.286945
6808,0.2385326
7990,0.2839589
4460,8.075472e-05
6803,0.97414726
2414,0.22612873
8085,0.19224787
2031,0.94472253
8476,0.5400718
9840,0.9997392
2853,0.010114968
8114,0.3033852
6245,0.9831935
8918,0.2872368
2621,0.25213212
5344,0.4359051
3775,0.07030094
631,0.2339885
10481,0.0009689331
8188,0.99527407
9830,0.998501
5426,0.1183227
6688,0.35015357
4132,0.6865053
588,0.35916907
5600,0.00043451786
4743,0.46606946
8711,0.20485967
6039,0.004700005
4576,0.42374408
6941,0.03888929
10202,0.028018385
6632,0.4167305
1079,0.00548777
9642,0.005302727
5401,0.49070144
600,0.0005082488
4873,0.3945341
5558,0.0017269254
483,7.05918e-18
10378,0.99781764
9004,0.02966857
2809,0.98668903
9542,0.9158071
3215,2.8118655e-05
6924,0.38065833
7213,0.7907783
3105,0.9555163
9771,0.92491776
632,0.8217763
3232,0.12501204
1543,0.3038399
2164,0.8289913
4559,0.11220205
9530,0.25356197
2033,0.3575424
2842,0.00016894937
4186,0.00020125508
4078,0.002378732
8093,0.87980497
7286,0.14632058
7044,0.81623805
9234,0.38581997
8536,0.119060695
307,0.999994
4382,0.99708486
1350,0.005257815
4632,0.50556374
5639,0.013227433
6445,0.34468687
10511,0.00018620491
8601,0.0320175
137,0.24132213
2298,0.5922146
8978,0.006235987
7218,0.27801615
856,0.42062828
736,2.3486791e-06
7719,0.21270928
3177,0.27544224
2564,0.8597885
3123,0.36331034
4827,0.18233848
6386,0.00020506978
708,0.82417226
1414,0.9996772
7190,0.15459001
10298,0.26052052
838,0.45615512
10145,0.95338553
3071,0.8979856
5329,0.28131908
462,0.5778409
9809,0.0680753
7279,0.9443611
2707,0.06627819
3671,0.76274884
516,0.9840461
10395,0.0011749268
8167,0.34634924
2138,0.28455326
5192,0.0005891323
1377,0.11169478
1390,0.14603877
1244,2.7687515e-11
8424,0.20037457
205,0.35198385
9592,0.28134686
116,0.46458143
8306,0.008218825
7649,0.98986053
9560,0.6120643
2102,0.110440046
10490,0.4865013
97,0.35679817
7618,0.1146425
9413,0.1662865
6148,0.41074648
7147,0.97776127
2430,0.9894186
7539,0.9713994
7475,0.6706135
7796,0.9841218
1582,0.05980137
8454,0.00028446317
3164,0.011243314
2375,0.99540865
980,0.26092523
10233,0.07943475
2271,0.4060017
7843,0.10301265
6165,0.39352262
3449,0.4128661
8757,0.5812772
9757,0.9994838
6925,0.37030962
6191,0.19510275
6985,1.2516278e-12
9064,0.055470467
2691,0.9998186
657,0.16126958
858,0.11306387
6677,0.9521213
642,0.025517553
2627,0.24496603
1569,0.9624249
3674,0.26302552
10095,0.354718
7423,0.35462993
4993,0.00029677153
4983,0.10983533
7070,0.98873377
700,0.85966516
2447,0.13834473
2380,0.9391705
8418,0.38388157
1288,0.00033935905
9400,0.019399136
8530,4.0976553e-07
784,6.629636e-08
2969,0.02304849
892,0.998153
5679,0.1156795
4650,0.39165482
994,0.97264946
9751,0.6104294
9462,0.12992701
4958,0.9706904
506,0.49737054
4631,0.03686759
4321,0.06958467
5617,0.010649294
7571,0.9375837
6873,0.36509538
7964,0.0005829036
4567,0.17372411
7429,0.95404625
3615,0.061143845
8744,1.016059e-05
1142,0.036248386
6189,0.39997756
3411,0.05177003
9133,0.018819392
5806,0.15923575
2385,0.49213848
801,0.56421167
4672,0.33799702
6530,0.39342424
260,0.34558636
6624,0.40168875
2001,0.5160433
8403,0.4289295
4935,0.043879926
7264,0.82486784
9714,0.961833
5903,0.7040658
3176,0.00017127395
7441,0.92219216
